{
  "data": [
    {
      "year": 2010,
      "net_change": 0.0,
      "gain": null,
      "loss": null
    },
    {
      "year": 2020,
      "net_change": 29678.709999999992,
      "gain": null,
      "loss": null
    }
  ],
  "metadata": {
    "location_id": "worldwide",
    "units": {
      "net_change": "km2"
    },
    "year": [
      1996,
      2007,
      2008,
      2009,
      2010,
      2015,
      2016,
      2017,
      2018,
      2019,
      2020
    ],
    "note": null,
    "total_area": 0.09862873,
    "total_lenght": 98.62873
  }
}